hospital_name,latitude,longitude
Swamy Hospital,12.8550625,77.6642727
Clinic,12.9134182,77.6774852
Shanti Hospital,12.9235041,77.5857517
Apollo Hospital,12.9263714,77.6765455
Narayana Hrudayalaya Dental Clinic,12.9155759,77.6349897
Dr Ganesh Medical and Diabetic Clinic,12.9129006,77.6419101
JBS Hospital,12.9207173,77.5745968
Jayanagar heart Centre,12.9231684,77.584433
Sri Vijayalakshmi Pragathi Hospital,13.0371728,77.6409543
Sathya Hospital,13.0185503,77.6364728
Ramakrishna Hospital,12.8500655,77.6624706
Chord Road Hospital Pvt Ltd,12.9981215,77.5404836
Pristline Hospital,12.9978931,77.5436127
"Bengaluru Hospital, Susruta Medical Aid AndResearch Home Limited",12.9376734,77.5802836
Manipal Northside Hospital,13.0011275,77.5639285
Government Primary Health Centre,12.9503234,77.6162619
Divakars speciality Hospital,12.9100629,77.5924585
Hema Poly Clinic,12.960765,77.7137961
BMTC Hospital,12.9234317,77.5923374
Ramakrishna Nursing Home and Hospital,12.9364329,77.583477
Sri Vinayaka Poly Clinic,12.939058,77.5510802
RMV Hospital,13.0322788,77.576876
Yashomathi Hospitals,12.9559302,77.7112689
Mallya Audikesh Diagnostics Center,12.9815051,77.6011944
Mallige Medical Centre,12.985247,77.5803846
Devine Hospital,13.0038999,77.6039313
Lalbagh Nursing Home,12.9452313,77.5861734
Dr. Batra Clinic,12.9797287,77.7271089
Government Maternity Hospital,12.9988604,77.5817424
Soujanya Clinic,12.9681189,77.54325
Kanva Diagnostics Collection Centre,12.967291,77.5429164
New Akshay Mallya Hospital,12.9568527,77.6990468
Presidency Hospital,12.9951629,77.69923
BGS Gleneagles Hospitals,12.90306,77.4974982
Srinivas Clinic,12.9073391,77.5830655
Unnamed Hospital,13.0043642,77.5652959
Metro Hospital,12.8915893,77.560715
Brookefield Hospital(A Unit Of Sanjeevani Hospital),12.9668213,77.7168891
Tenet diagnostics,12.9573067,77.7087044
ESI Hospital,12.995242,77.6523255
Karunalayam Hospital,12.9111263,77.7073377
SDS Tuberculosis Research Centre and Rajiv Gandhi Institute of Chest diseases,12.9367955,77.5907094
Maiya Multispecialty Hospital,12.942614,77.5854533
Narayana Netralaya,12.9671401,77.6094485
Nagappa Hadli Hospital,13.0829889,77.5489026
"Vasan Eye Care Hospital, Nagarabhavi",12.9746134,77.5129757
Rc Hospital,12.930936,77.5153776
Veturi Child Health Centre,12.9263226,77.5156579
Ketham's Hospital Pvt. Ltd,13.0686568,77.5582571
Ragavendra Hospital,13.0425433,77.5155377
Guru Kripa Clinic,13.0349833,77.5676844
Deeksha Orthopaedic Hospital,13.0973922,77.5964894
Shushrusha Hospital,13.0997316,77.5980216
Chirag Hospital and Maternity Center,12.9126298,77.5913594
Udhbhava Hospital,12.9256842,77.5489346
DG Hospital,12.9206648,77.5598673
Srinivasa Nursing Home,12.9423039,77.6174893
Kangila Clinic,12.9336501,77.5660602
Chaitanya Hospital,13.0990911,77.5861904
"Vasan Eye Care Hospital, Koramangala",12.9402371,77.6253403
health nest,12.9075992,77.6488507
Amma's ENT Clinic,13.0281613,77.5793947
Krishna Specialty Clinic,13.026721,77.5789272
Seventh Day Adventist Hospital,12.995625,77.6113272
Srinivasa Nursing Home,12.9965077,77.6220456
Kids Care Clinic,12.914434,77.6050207
Pristine Health care,12.9382768,77.6186753
Prerana Dental Clinic,12.9186845,77.630774
Mamtha Health Center,12.9180492,77.6318764
Suprabha Hospital,13.0079383,77.5469059
Sangolli Nursing Home,13.0083564,77.5469273
Diacon Hospital,13.0037682,77.5498337
Agarwal Eye Hospital,12.9273417,77.6221301
Sri Sapthagiri Clinic,12.8736928,77.6449626
Sagar Dental Clinic,12.9169725,77.6300572
Venkateshwara Hospital,12.9257842,77.6170828
Namratha Hospital,13.0047859,77.543073
Devi Eye Hospital,12.9162576,77.6374069
Mysore Hospital,13.0275337,77.5397051
Jayanagar Orthopaedic Centre,12.9293288,77.5877091
Shekar Hospital,12.9458714,77.5675192
Punya Hospital,13.0011459,77.5359798
Vasan Eye Care,12.9102705,77.6265538
Apollo Clinic,12.8517246,77.6681472
Parimala Clinic,12.9135707,77.5788941
Karanth Speciality Hospital,12.9160081,77.6193573
Gangothri Hospital,12.9162878,77.6138218
Spurthy Hospital,12.9239335,77.61116
Prasad Eye Hospital,12.9351929,77.6086817
NIMHANS Screening block,12.9387115,77.5937737
NIMHANS OPD,12.9388056,77.5942994
Manjunath Hospital,12.9483598,77.5940621
Karthik Hospital,12.9484356,77.5942592
Aswad Hospital,12.9147871,77.6247622
TSR heart care,13.0264438,77.5933686
Fortis Hospital,13.0022409,77.5490879
Citi Hospital,12.9956506,77.5510696
"Vasan Eye Care Hospital, Rajaji Nagar",12.9995223,77.5505328
Ananya Hospital,12.9998205,77.55045
Baptist,12.9970915,77.5719766
Shivakrupa Hospital,12.973967,77.5479135
Dr. Ambedkar Medical College Hospital,13.0248621,77.6139585
"Sri Maruthi hospital, Sheshadripuram",12.9926441,77.5742046
Sunny Medicals Hospital Clinic,12.9267954,77.6699091
Karunya Homoeopathy Centre,13.0307899,77.653594
Ayur Seva Hospital,13.0148188,77.6653699
Vinayaka Specialty Hospital,12.8990004,77.6218548
Koshys Hospital,13.0207033,77.6760593
Gurushree Hitech Multispeciality Hospital,12.9593144,77.5265054
"Shobha Hospital, Bengaluru Urban",12.9755854,77.5313495
"Gayathri Hospital, Bengaluru Urban",12.9744053,77.5426819
MEDSOL Hospital,12.9309944,77.4929837
Government Primary Health Centre,13.003447,77.504284
Bharathy Hospital,12.9761294,77.5326369
Yogananda Medical and Research Centre,12.9202791,77.5598033
"Government Primary Healthcare Center, Begur",12.8778532,77.6246582
Cure & Care Dental Clinic Dr. Moumita Mukherjee,12.9074968,77.6492213
Shirdi Sai Hospital,13.0372438,77.5648754
Nayantara Opticals,12.8924828,77.6198497
Kottakkal Arya Vaidya Sala,12.9411061,77.5850591
"Charan Homeopathy, Ramamurthy Nagar",13.0100409,77.6674667
Dhanavantri Hospital,13.0834023,77.6348642
T.R.Hospital,12.8807554,77.5841671
Rainbow Clinic and Diagnostic Laboratory,12.891484,77.5816961
Cloud Nine Hospital,13.0078742,77.5625316
"Nayak Hospital, Gayathri Nagar",12.9993857,77.5606403
"Rajnandani Hospital, Bangalore",12.8845448,77.5701276
"Maharaja Agrasen Hospital, Bengaluru Urban",12.915903,77.5550223
Banashankari Referral Hospital,12.9231342,77.5642974
Bangalore Kidney Foundation - NU Hospital,12.9179548,77.555816
"Panacea Hospital, Nagarabhavi",12.9613237,77.511726
Shanbhag Hospital,12.9856882,77.5435424
Trupti Nursing Home,12.9946566,77.5397544
Srivijaya Speciality Hospital,13.0124345,77.6580271
Magnus Diagnostic Lab,12.9349187,77.6305022
Krupa Medical center,13.000431,77.5411664
Soukya Hospital,13.0774744,77.5587548
Greenview Medical Center,12.9191813,77.6381379
Vaidyaratnam Oushadhasala,12.9121004,77.6485848
Blossoms Hospital,12.9064393,77.6308237
Live100,12.8791713,77.6454925
ESi Hospital,13.0077936,77.6923101
Happy Tooth,12.9744193,77.5336479
Rishi Women and Child Clinic,12.9745812,77.532699
Penta Care Ayurvedic Hospital,12.9736894,77.5369482
Shalini Nursing & MAternity Home,12.9436624,77.5419997
Shreya Poly Clinic,12.9729127,77.5394723
Anurag Medical Center,12.9612829,77.5271683
United Medical lab,13.0007683,77.6132902
Pragathi Ayurvedic Center,12.9843701,77.555666
Srujana Hospital,12.8413465,77.6475451
Narayana Hrudayalaya Dental Clinic,12.9231571,77.6728066
Vatsalya Chidren's Clinic,12.8948505,77.6109105
Kottakkal Arya Vaidya Sala,12.9002599,77.6271003
Sharavathi Hospitals (P) Ltd.,12.9623406,77.5342853
"Dr.Agarwal's Eye Hospital Ltd, Padmanabha Nagar",12.9169288,77.5592568
Shraddha Eye Care,12.9184617,77.5555842
"Vasan Eye Care Hospital, Rajarajeswari Nagar",12.931334,77.5154779
Cloud Nine Fertility,12.9055088,77.5858347
Aikya Healthcare,12.8827229,77.5466715
Konanakunte Government Hospital,12.8840897,77.5664029
Anand Clinic,12.8002465,77.5088745
Sanjeevani Clinic,12.8011096,77.5084507
Government Hospital,12.8047243,77.5109371
Rajarajeshwari Hospital and Medical College,12.896052,77.4618775
Rajarajeshwari Dental College,12.9069608,77.418604
Cloud Nine Hospital,12.9878709,77.7319773
Telerad Rx Dx Health Care Whitefield,12.9768424,77.7103746
Motherhood Hospital(Unit Of Rhea Healthcare Pvt Ltd),12.9784409,77.6375845
Respiratory and womens health clinic.,12.9762645,77.6376528
Rashmi Hospital,12.9766951,77.6362278
Netradama Eye Hospital,12.9734836,77.6357281
Sree Venkateshwara Speciality Hospital,12.9425246,77.6025303
Leela Hospital and Diagnostic Center,13.0002667,77.5694894
Dr. Rajkumar Blood Bank,12.968031,77.5878222
Nelivigi Eye Hospital,12.9241818,77.6737518
Sanghi Medical Centre (P) Ltd,12.9517397,77.6994832
"Sri Sai Krupa Hospital, Bengaluru Urban",13.0294181,77.5593857
ALDOS Medical Service Pvt LTD,12.9826672,77.6381036
Government Hospital,12.8870605,77.603414
Rajashree Granthim hospital,12.8893134,77.602422
Sri Laxmi Hospital,12.8504718,77.6553058
Wipro First Aid Clinic,12.8377272,77.6584571
Krishna Nursing Home,12.9474222,77.5986921
"Shifa Hospital, Bengaluru Urban",12.9900105,77.5988107
Milann Fertility Center,12.9159249,77.5856011
Gift IVF center,12.962951,77.6418711
HCG Cancer Hospital,12.9603157,77.5930493
Health Care Global,12.9584755,77.5919279
Gulecha Dental Care,12.9292418,77.5893625
Unnamed Hospital,12.9767055,77.5424167
Rajbal Skin Clinic,13.0206063,77.6445361
Prashanth Hospital,12.9066637,77.6287463
Dianova Diabetes Center and Hospital,13.0147612,77.6335463
Ameena Medical centre,12.9777082,77.6323407
Dr.Agarwal Eye & Dental Hospital,12.9700356,77.6362439
SRL Diagnostics,12.9599306,77.7160447
Dr Raos Maternity Hospital,12.9850421,77.5460481
Sagar Chandramma Hospitals,12.9485535,77.5748248
Trilife Hospital,13.0169826,77.6432959
Vignesh Lab and Diagnostics,13.0267226,77.6041132
Apollo Cradle,12.9368104,77.6206345
Shiva Kumaraswamy Building,12.9717049,77.5493718
Myo Medex - Ace Speciality Clinic,12.8615976,77.5999324
Stanford Speciality Hospital,12.911533,77.6764094
Dr Mohan Nursing Home,12.9124371,77.6813917
Sparsh Clinic,12.9072384,77.6755805
Raksha Orthopaedic And Multi Speciality Centre,12.9041502,77.6741043
Narayana Nethralaya,12.8750879,77.5950098
Naadi Ayurveda Center,12.9121008,77.6820003
Kottakkal Arya Vaidya Sala,12.9217604,77.6618321
The Family Doctor & The Family Pharma,12.9122002,77.6818637
Life Care Hospital,12.9194712,77.6130111
Bhagavathi Hospitals Private Limited,12.9161259,77.6311505
Gunasheela Hospitals,12.9250105,77.6278708
NRS Medical & Dental Specialists Centre,12.9151071,77.5624888
Anurag Medical Centre,12.9060641,77.6049776
Sarvodaya Hospital,12.9390944,77.5619057
Indianova Healthcare Pvt Ltd,12.9703581,77.63022
Sky Diagnostic Centre kumbena agrahara,12.9977711,77.7548105
Dr Rachna - Homeopathy,12.9179831,77.6691258
Regal Hospital,13.0830463,77.6347174
Thyrocare,13.0158543,77.7033173
Welnext,12.9240063,77.6545058
Employees State Insurance Dispensary,12.966771,77.5349228
Dr Solankis Eye Hospital,12.9951627,77.5738144
Sri Sanjeevini Cold Laser Therapy,13.0053923,77.5713352
Dr. Bhargavi Reddy Women & Children Hospital,12.975403,77.6470594
Axon Speciality Hospital,12.973892,77.6460904
Bright Children's Clinic,12.9891818,77.689783
Sanjeevini Children & Women Clinic,13.0316481,77.6023154
Procare Hospital,13.0203944,77.6512682
Parimala Health Care,12.9003193,77.6008061
"Sriram Hospital, Bangalore",13.0087504,77.6939806
K R Puram Super Speciality Hospital,13.0110115,77.6935975
Maithri Nursing Home,13.0048396,77.7036425
Unnamed Hospital,12.9702741,77.6468603
Medic Star Hospital,12.9876871,77.6093097
Hsis Gosha Hospital,12.9856985,77.6058578
Santosh Hospital,12.9959413,77.6082575
Hospital,12.9914123,77.6117329
Keva Ayurveda Health Care Pvt Ltd,12.9127062,77.6201668
Ayurvaid Hospital,12.9552696,77.6428508
H B S Hospital,12.9891941,77.6037864
St. Martha's Heart Centre,12.9705436,77.5834769
Sumathi Nursing and Maternity Home,13.0325717,77.5582602
Desai Nursing Home,12.9863736,77.5793154
Fortis Hospital,12.9881648,77.5548179
Healing Earth Multispeciality Ayurveda Hospital,12.9165359,77.6361865
Global Ayurveda Multispeciality Hospital,12.9165795,77.6362187
Brahmi Ayurvedic Center,12.8830054,77.6073285
Fj Merrit Hydrotherapy And Wellness,12.9344224,77.6299785
Vedam Ayurveda Multispeciality Hospital,12.9175511,77.6039486
Ayur jagruti,12.9667253,77.6378289
Herbocare Hospital Pvt,13.0204424,77.6440607
""" NRS Medical & Dental Specialists Centre""",12.9378359,77.5573329
Tele Rad RX DX Health care Pvt Ltd,12.9992982,77.7575636
Spring Leaf Health Care Pvt Ltd,12.8526731,77.6676459
Chiranjeevi Hospital & Maternity Home,12.9386994,77.5518394
"Vinayaka Hospital, Hanumantha Nagar",12.9373748,77.5494778
Diavista Diabetes & Multispeciality Hospital,12.9354293,77.5477956
Meenakshi Hospital,12.9420715,77.553698
Medi-Tech Multi Speciality Hospital,12.9408667,77.5603657
Kusuma Hospital,12.9420124,77.5506918
Ring Road Hospital,12.9274553,77.5516293
Pulse Multispecialty Hospital,12.9389007,77.5438808
Surya Galaxy Hospital,12.9316792,77.5450887
Wellness Ever,12.9593576,77.7461682
Hair Loss Treatment in Bangalore - Hairline International,12.9566858,77.7419283
Surya Diagnostics and Health Services,12.9242825,77.6170883
New Life Hospital bangalore,12.9967611,77.7591252
Ayushman Ayurvedic therapy centre,12.9946163,77.6023871
Pristine Hospital,12.9984229,77.5403887
Sri Vinayaka Hospital,12.9575029,77.5276466
Shathayu Ayurveda Wellness Centre,12.9573897,77.5276882
Shri Vishnu Ent Speciality Center,13.0226079,77.4748015
Hospital Sharavathi,12.9594984,77.5275515
Arogya Kendra,12.9735891,77.5443283
The Family Doctor Malleswaram,13.0029689,77.5526666
Venkat Charmalaya,12.9644231,77.5333324
V Care Medical Systems P Ltd,12.9787049,77.5403581
Manasa Hospital,12.968821,77.5246297
Saikrupa Hospital For Women's and Surgical Centre,12.9691657,77.5351921
Cutis Academy of Cutaneous Sciences,12.9768117,77.5449094
Shreya Hearing Clinic,12.9621516,77.533401
Acura Speciality Hospital,12.9353208,77.6205504
Prasad Nethralaya,12.9603312,77.5300796
Vijayanagar Global Hospital,12.9717905,77.5372864
Blossom Infertility Center,12.9649703,77.5389842
Padmashree Nursing Home and Maternity Home,12.958321,77.5350434
Unnamed Hospital,12.9639998,77.5302683
Dhanush Hospital,12.9706209,77.5151893
"S K Hospital, Bengaluru Urban",12.957572,77.5184436
"Green City Hospital, Bengaluru Urban",12.9062193,77.580682
The Homoeo World,12.9947201,77.5715879
Modern Family Doctor Pvt Ltd,12.9698405,77.5327211
Oxford Hospital,12.9312101,77.5756907
Oxford Hospital,12.8584183,77.6653346
R R Hospital & Trauma Centre,12.9059465,77.5904192
M N Speciality Clinic,12.9039905,77.5859569
Prashanth Hospital,12.9067129,77.6265085
Parimala Health Care,12.9009278,77.5986641
Springleaf Hospital,12.853228,77.6653506
Sri Ram Hospital,13.0096231,77.6924713
Vijay Diagnostic Centre,12.9458746,77.5877756
Dr Lal PathLabs,12.924274,77.5680927
Welnext,12.9242869,77.6532853
Sri Sai Ram Hospital,12.8943049,77.5682821
Tamara Hospital & IVF Centre,13.0044499,77.5530755
ChanRe Rheumatology and Immunology Center and Research,12.995573,77.5354215
Anupama Hospital,12.9838763,77.4788534
Deepa Hospital,13.0120509,77.6998816
"Manasa Hospital, Vijayanagar",12.9709463,77.5451059
Agarahara Government Hospital,13.0957329,77.6273067
Nagarathna Hospital,12.9056092,77.5426964
Ramana Rao's clinic,13.0130826,77.5761449
Government Maternity Home,12.9983402,77.6200927
Lucid Medical Diagnostics,12.9306876,77.5794541
Cauvery Orthopaedic Centre,12.9984887,77.5504219
"Apollo Bengaluru Cradle Limited, Jayanagar",12.9168014,77.5851878
"Nethradhama Superspeciality Eye Hospital, Rajajinagar",12.997613,77.5509423
NIMHANS - Ashwini Block,12.9397588,77.59445
Sathya Sai Lake Side Ortho Hospital,13.0215807,77.7128053
Comfort Multispeciality Hospital,12.9817167,77.6800412
National Institute of Mental Health and Neuro Sciences,12.9400669,77.5931597
NBRC(National Brain Research Center),12.9404277,77.5988406
Dr. Roshni's Tooth Planet Dental Clinic,12.9876335,77.6851595
Cambridge Hospital,12.9716236,77.6273835
Respigen healthcare,12.9555357,77.5918347
Doctor's diagnostics Centre,13.014746,77.6357881
Hosmat Hospital,13.0080001,77.5837482
Cloudnine Hospital Pvt. Ltd.,12.9597752,77.6569127
Subramanium Medicine Store,13.0090912,77.656317
Columbiaa Hospital,13.0104342,77.6583242
Altius Hospital,12.9849537,77.5569222
Bangalore Diabetes Hospital,12.9918415,77.5968531
NU Hospitals,13.011845,77.5526061
V. S. Achar Multispeciality Hospital,12.9472091,77.5966914
Nature Cure Hospital,12.933223,77.5842632
Government Hospital,12.966103,77.5549647
"Emergency Block , NIMHANS",12.9403849,77.5945391
Usha Vikranth Diagnostic Center and Hospital,12.9138086,77.5273633
Nethradhama Superspeciality Eye Hospital,12.9719805,77.6474011
Kannamangala Primary Health Center,13.0308849,77.7599564
Telerad RXDX Kadugodi,13.0028637,77.7569157
Care Health,13.0552027,77.6028234
Sri Shankara Cancer Hospital And Research Centre (A Service Unit Of Sscf),12.9542624,77.5709473
Vathsalya Speciality Hospital,12.9939752,77.5391801
Lakeside Medical Centre and Hospital,12.9878631,77.6177434
Maruthi Hospital,12.9677607,77.5413282
Aparna Hospital,12.9362087,77.616947
Apollo Spectra Hospitals,12.9338175,77.6201615
Sankeerthana Hospital and Fertility Center,12.9256013,77.6359638
Jayashree Multi Specilaity Hospital,12.881611,77.6260763
Bangalore Prime Hospital,13.066842,77.6390545
CyteCare,13.118638,77.6078781
Shiva Vision Care,12.9366526,77.6277125
Medical Center,13.0711049,77.5781394
apollo medical shop,12.8437851,77.6659275
Sujatha Hospital,12.9781293,77.6372391
Patil Hospital,13.011214,77.6979598
The Eye Surgical Centre,12.9821954,77.5493143
Omega Multispeciality Hospital,13.1001877,77.5813432
NDR Hospital,13.0957808,77.5792872
Venus Bone & Joint Centre,13.0665572,77.59647
Lourdes High School,13.0182102,77.540004
Boregowda Lingamma Hospital,13.016705,77.539386
Kanva Hospital,13.0175606,77.5394308
Kengeri Upanagara Government Hospital,12.9156896,77.4808065
Yogananda Multi Speciality Hospital,12.9158516,77.5593919
Dr. Agrawal's Eye Hospital,12.9998982,77.5501121
Ashok Hospital,12.9948905,77.5347984
Balaji Hospital and Gastroenterology Center,12.9376087,77.5666429
Abhay Hospital,12.9517481,77.4939886
Chaitanya Hospital,13.0237316,77.5941463
Dr. B. Venkatasubbarao Memorial Hospital,12.9981979,77.568151
"South City Hospital, Bengaluru Urban",12.9497745,77.5802779
M S Ramaiah Harsha Hospital,13.0856858,77.4127015
"Sri Sai Hospital, Bengaluru Urban",13.0370143,77.6238732
Jupiter Hospital And Institute Of Vascular Surgery,12.9998457,77.5663653
"Shreyas Hospital, Bengaluru Urban",12.9829857,77.5309655
Ashirwad Hospital,13.0289685,77.6045479
N.D.R. Hospital,13.0965172,77.5787745
Asha Kiran Children & Women Health Care Centre,13.0263529,77.5933929
Krishnadevaraya Hospital And Research Centre,13.1498837,77.608248
"Mission Hospital, Bengaluru Rural",13.0744104,77.7835518
Radha Maternity and Surgical Hospital,12.9690441,77.5688544
"Hitech Kidney Stone Hospital, Bengaluru Urban",12.9878104,77.5809833
Sri Dhavantari Ayurveda Hoapital,12.9822186,77.5599374
Vaidyam Hospital,12.9845512,77.5528322
Suresh Hospital - Bangalore,12.9897745,77.5551014
Lakshmi Maternity Home,13.0058226,77.5694512
Manjunatha Maternity Home and Surgical Centre,13.0077265,77.5696993
Samprathi Eye Hospital And Squint Centre,12.9932806,77.580691
Shankara Nethralaya Eye Hospital,13.0089953,77.5406188
Supra South City Hospital,12.8919509,77.5799654
ChanRe Rheumatology and Immunology Center and Research,12.9992083,77.550269
Chandana Hospital,12.9579894,77.5114394
"J M J Hospital, Bengaluru Urban",13.0398217,77.6230843
G E F Eye Hospital,13.0672067,77.7802707
Sri Krishna Hospital,12.9215013,77.5655432
Malleswaram Eye Day Care Hospital - Bengalore,12.9966677,77.5716037
Mahaveer Eye Hospital Private Limited,12.9933551,77.5729595
Bilva Hospital,12.9989833,77.5802015
"Nethradhama Superspeciality Eye Hospital, Jayanagar",12.9256932,77.5773127
Dr Agarwals Eye Hospital Ltd,12.9122295,77.5994906
Sri Venkateshwara Hospitals,12.926471,77.6167399
"Nova Specialty Surgery Center, Koramangala",12.9339097,77.620208
Fosa Humanitarian Hospital,12.8130672,77.5825109
C.S. Hospital,12.9118831,77.5528805
Sri Kalabyraveshwara Swamy Ayurvedic Medical College hospital,12.9650437,77.5435022
"Anugraha Hospital, Vijayanagar",12.9765645,77.5455876
Apple Hospital,13.103924,77.5837862
Amar Hospital,12.9711822,77.5781228
Retina Institute Of Karnataka,12.95727,77.5640827
The Venlakh Hospital,12.9572978,77.5644522
Vishwabharathi Hospital Pvt. Ltd,12.9406698,77.5644596
"Sunetra Eye Hospital, Bengaluru Urban",12.9404548,77.5578493
Sri Vivekananda Sevashrama,12.9253299,77.5711893
Saraswathi Hospital,12.9276382,77.568896
National Institute of Mental Health and Neuro Sciences,12.9386321,77.5944105
Netraspandana Healthcare and Research Pvt. Ltd,12.9291283,77.5461361
North City CT Scan,13.0945892,77.594104
Nu Trust,12.9176216,77.5550705
"Padmavathi Hospital, Bengaluru Urban",12.9817311,77.5333714
Panchamukhi Specialityu Hospital,12.9957177,77.5031644
Sri Lakshmi Multi Speciality Hospital,12.9881868,77.5087273
K C Raju Multi Speciality Hospital,13.0090828,77.6235594
Ring Road Hospital,12.9278657,77.5519297
"Vasan Eye Care Hospital, Bannergatta Road",12.8822813,77.5957945
Varalakshmi Hospital,12.924624,77.6170966
Kala Hospital,13.0223669,77.5587304
"Shekhar Hospital, Jayanagar",12.917589,77.5948906
Rajalakshmi Hospital,13.0842019,77.5308891
"Vasan Eye Care Hospital, Sarakki",12.9103393,77.5732398
Lions Airport City Hospital,12.9551501,77.7051643
Mahanth Hospital,12.9079615,77.6235715
Sunayana Eye Hospital,12.9255233,77.5937748
"Lakshmi Hospital, Ganganagar",13.024837,77.592089
Lokhande S Hospital,13.0186045,77.6479433
Dr. T.V.Ramesh Piles Hospital,13.0250141,77.5856289
Dr Kamini Rao Hospital(A Unit Of Bacc Health Care Pvt Ltd),12.9163994,77.5847384
HCG,12.9605309,77.592659
Dr Ambedkar Medical College Hospital,13.0218188,77.613084
"Supriya Hospital, Bengaluru Urban",12.9929043,77.5588015
Manju Sree Hospital,13.0212406,77.6070739
Raj Mahal Vilas Hospital,13.0322819,77.5770459
Devi Eye Hospital,12.9412109,77.6238987
Essential Hospital,12.974865,77.5096312
Shree Vijayalakshmi Hospital and Trauma Centre,13.0373572,77.6409059
Kalasa Maternity Home,12.9548208,77.5672585
Sidvin Hospital Pvt Ltd,12.982442,77.5493681
Abhilash Hospital And Sara Rehabilitation Centre,12.9246384,77.5509238
"HCG, Koramangala",12.9343279,77.6228848
"Ganesh Nursing Home, Bengaluru Urban",12.8957636,77.6330289
Kavya Hospital,12.8987442,77.6263127
Sg Hospital,12.9275311,77.5457901
Place Guttahalli Maternity Home,12.9988238,77.5819892
"Phoenix Hospital, Bengaluru Urban",12.9608027,77.5911717
"Shreya Hospital, Bengaluru Rural",12.9215104,77.4832503
"Vasan Eye Care Hospital, Banaswadi",13.0241341,77.6335546
Sri Annapoorneshwari Hospital,12.9255704,77.4857756
"Vasan Eye Care Hospital, R.T.Nagar",13.0251833,77.5920609
Kims Hospital and Research Centre,12.9563016,77.5747874
"Karthik Hospital, Bengaluru Urban",12.9489406,77.5949925
Bangalore Kidney Stones Hospital,12.9670215,77.5892667
Sree Lakshmi Hospital,12.9825937,77.6814736
"Abhaya Eye Hospital, Super Speciality Eye Care Centre",12.9271131,77.5471291
Mediscope Hospital Private Limited,12.9994472,77.6162584
Medi Derma Hospital,13.0555559,77.6517145
Mathru Hospital - Bangalore,12.9110975,77.4806057
Manjushree Speciality Hospital,12.9825845,77.6124926
Namratha Nursing And Maternity Home,13.0045747,77.5432728
The Pulse Multi Speciality Hospital,12.9424801,77.5473283
Popular Hospital,12.9514854,77.5703564
Gavipuramguttahalli Maternity Home,12.9526505,77.5548633
Ayurseva Hospital,13.0139247,77.6640775
Spine Care And Ortho Care Hospital,12.9745134,77.5493883
Vijayashree Hospitals,12.8579673,77.5892687
Tanmay Hospital,12.9733764,77.5474034
Aayug Multi Speciality Hospital,12.9651587,77.7150508
MGA Hospital,12.9568547,77.7002262
Blossom Hospital,12.8705439,77.6595353
Bhagavathi Multi Speciality Hospital,12.9160636,77.6308219
Sri Sai Ram Hospital - Bangalore,12.9144587,77.6003156
Susheel Hospital,12.9645006,77.5427189
Dhanush Hospital,12.9654318,77.52312
Shreyas Maternity Home,13.074556,77.7821477
"Sadhana Eye Hospital, Bengaluru Urban",12.970023,77.6307987
Av Hospital,12.938853,77.5786096
"Balaji Hospital, K.H. Ranganath Colony",12.9632506,77.5602901
Banasawadi Hospital,13.0205082,77.6509675
Bangalore Eye Hospital And Retina Centre,13.0221036,77.6387729
Belaku Eye Hospital,12.9110766,77.4800451
Bhavatprabhu Hospitals Pvt Limited,12.9670615,77.5903161
Nikad Ortho Centre,12.975802,77.6184806
Raksha Multispeciality Hospital,13.0195733,77.5419559
Cambridge Hospital,13.0195955,77.5419813
"Prasad Hospital, Bengaluru Urban",13.0983472,77.5773677
Saranalaya Hospital,13.1215236,77.6126106
Azad Nagar Maternity Home,12.9559644,77.5485635
Gunasheela Surgical and Maternity Hospital,12.9403012,77.5764705
Excel Care Hospital,12.9207314,77.5736019
"Vasan Eye Care Hospital, Jayanagar",12.9292015,77.5819811
Hi Tech Kidney Stone Hospital,12.9271389,77.579028
Dr. Vidyananda's Surgery and Dia Centre,12.9242515,77.573217
"Srushti Hospital, Bengaluru Rural",12.8981572,77.6207364
Parimala Speciality Hospital,12.9004567,77.6005474
Banashankari Hospital,12.8443653,77.583809
"R K Hospital, Bengaluru Urban",13.0138123,77.6354731
"Prasad Eye Hospital, Bengaluru Urban",12.9356703,77.6079905
Unity Lifline Hospital Pvt Ltd,12.9819768,77.5108275
J.P.Nursing Home,13.0098352,77.5384723
North Side Health Centre,13.0267995,77.5870813
Anugrahaa Hospital,12.8548947,77.6681162
Amrutha Hospital,13.0657486,77.5992653
"Unity Hospital, Bengaluru Urban",12.910823,77.5207892
Dr Chaitanyas Dental Care & Implant Centre,12.9675989,77.6565533
Kareem E.N.T and Multispeciality Centre,12.9188948,77.6058905
HK Hospital,12.9085981,77.4784157
Chinmaya Narayana Super Specialty Centre,12.9777106,77.6459773
Jyothi The Lasik Vision Centre,12.9496114,77.5790786
S.S.G. Hospital,12.9868695,77.4794832
Bengaluru West Lions Hospital,12.9563042,77.5830996
Vijayanagar Hospital,12.9716291,77.5371969
Abhinava Eye Hospital,12.9550181,77.5683897
North Star Maternity and Nursing Home,12.9067079,77.5849275
"Punarjyoti Eye Hospital, Bengaluru Urban",12.9685305,77.5843965
Sundar Hospital,13.0080166,77.6221479
"Sri Ramakrishna Hospital, Bengaluru Urban",13.0121705,77.6961802
Sri Venkateshwara Eye Hospital,13.0423919,77.5136653
V Care Hospital,13.015884,77.5973475
A.M. Hospital,12.9601022,77.5315556
"Divya Drishti Eye Hospital, Vijayanagar",12.9586907,77.5352668
"Shridevi Hospital, Bengaluru Urban",12.9617045,77.5217172
Srinivasa Eye Hospital,13.0147224,77.6515616
Spandana Hospital And Medical Centre,13.0112166,77.6743939
Sreeniwasa Hospital,12.9732706,77.5725357
Ashraya Medinova Pvt Ltd,12.988865,77.5078006
Magadi Road Maternity Home,12.9741253,77.561823
Pristine Hospital,12.9980009,77.5432779
Dr Zamindar's Micro Surgical Eye Centre,13.0021978,77.6329015
K.T.G. Hospital,13.0004769,77.5054027
Vasan Eye Care Hospital,12.8980516,77.6339279
Health Cottage Hospital,12.9709143,77.6321116
Samastha Hospitals Pvt Ltd,12.89708,77.5473364
Poornima Hospital,13.0263344,77.595128
S.N. Hospital,13.0357404,77.7347061
Dr.Zamindar Microsurgical Eye Centre,13.0178594,77.6547577
Good Shepherd Hospital,13.0328036,77.633289
"Dr.Agarwal Eye Hospital, Frazer Town, Bangalore",12.9960196,77.6128413
"Mamta Hospital, Bengaluru Rural",13.0377564,77.5744454
S. J. Hospital,13.0360827,77.575065
Republic Hospital,12.964162,77.5982255
R.R. Hospital and Trauma Centre,12.9074269,77.5716318
Ashwini Hospital,13.074622,77.7854079
Geetha Hospital,13.0357169,77.7351701
"Suresh Hospital, Bengaluru Urban",13.0080397,77.6971089
Sri Ram Netralaya and Surgical Centre,13.0088071,77.6948659
"Patil Hospital, Bengaluru Urban",13.0090854,77.6969567
Sri Sai Eye Hospital,13.011968,77.6659168
Sri Ram Speciality Hospital,12.9543777,77.6209764
Zion Hospital And Research Centre Pvt.Ltd.,13.0149675,77.6354957
Jai Maruthi Hospital,13.0068811,77.5055636
Institute Of Nephro Urology hospital,12.9619528,77.5728562
Well Spring hospital,12.9425676,77.6224349
Aaroyha Mandir Hospital,13.0105038,77.5502452
"Punya Hospital, Bengaluru Urban",12.9862161,77.5374853
"Vijaya Hospital, Bengaluru Urban",12.9418827,77.48376
Sandhyashree Hospital,12.9761802,77.5261763
Dr. Sailaja's Super Speciality Eye Hospital,13.0276736,77.6614188
Hillside Hospital,12.9162753,77.5589544
Pd Hinduja Sindhi Hospital,12.9646359,77.5926509
Sri Ranga Arogyadhama,12.9986239,77.542782
Brinda Hospital,12.978053,77.5115959
Sankalpa Hospital,12.95119,77.4918039
Deepashri Hospital,12.9705902,77.5108503
Rotary Eye Hospital (A Unit Of Bangalore North Rotary Trust),12.9817233,77.5549364
Acharya Tulsi Jain Hospital,13.0218344,77.5567093
Get Well Hospital,12.9526616,77.61503
Premier Hospital,13.0241863,77.5960574
Gurukripa Hospital and Health Care Centre,13.0001802,77.5461146
Avian Medicare and Research Centre,13.0269276,77.6227882
Vinayaka Health Care and Maternity Home,12.8919999,77.6257829
Little Flower Hospital,13.0113204,77.6771966
"Venkateswara Hospital, Bengaluru Urban",12.9543465,77.5755649
Sai Baba Hospital,13.0093599,77.5222108
"Metro Hospital, Bengaluru Rural",12.8914666,77.5612113
"Madhu Hospital, Bengaluru Urban",12.9783164,77.5429603
Al- Habeeb Hospital,13.0236062,77.6196139
"Sri Srinivasa Hospital, Bengaluru Rural",13.074057,77.7855326
"Santhigiri Ayurveda and Siddha Hospital, Bengaluru Urban",12.9439008,77.6065864
Padmashree Diagnostics,12.9745983,77.5436792
Venus MultiSpeciality Hospital,12.9721779,77.6807872
Ramakrishna Hospital,12.8541208,77.6624811
Roopena Agrahara Government Hospital,12.9102142,77.6244654
Government Hospital SULIKERE,12.938541,77.4485
"Government Hospital, Gunjur",12.922327,77.736038
Thippenalli Government Hospital,13.031132,77.483923
Laggere Government Hospital,13.009817,77.5231852
Seegehalli Government Hospital,13.0164321,77.7169887
Ullalu Government Hospital,12.9629127,77.4751834
K.C. General Hospital,12.993382,77.5694167
"Government Hospital, Budigere",13.1376521,77.744809
NELAMAHESHWARI Government Hospital,13.049152,77.510442
Sai Hospital,13.0701337,77.6329103
Sree Ranga Hospital,12.9358669,77.4927128
Cure Hospital,13.0324318,77.6085263
Yashas Neurocare,12.9853993,77.5454024
Focus Diagnostic Center,12.9870634,77.549951
Vittal Eye HOspital,12.931298,77.5412566
naveen clinc,13.0413777,77.5050224
Chamundi Hi Tech Hospital,12.9240924,77.6177848
Little Flower Hospital,12.9807257,77.6823734
NMPC Hospital,13.006205,77.7004289
R R Hospital,13.0082031,77.697197
Jeevan Hospital,12.9901305,77.6713322
Vicky Family Life,13.0031618,77.7059531
Vedam Ayurveda Multi Speciality Hospital,12.9946786,77.6709989
Stroke Treatment Paralysis,13.0239995,77.6585299
Geriatric Hospitals,13.0283977,77.6599575
Health Plus Multi Speciality Hospital,13.0219523,77.6994046
Pragathi Piles Hospital,12.9966313,77.671863
Mahaveer Hospitals,12.9895049,77.6741439
Eshawar HospItal,13.033219,77.6747693
Medihope Super Specialty Hospital,12.973637,77.675186
Cure N Care Hospital,12.989869,77.676589
Sad Bydya Shala Ayurvedic Hospital,13.0106539,77.6969464
Sri Lakshmi Super Speciality Hospital,13.011115,77.697361
Kids Health Link,13.0031938,77.7128759
Prakruti Hospital,12.991561,77.6757833
Amrutha Healthcare,13.0042616,77.7114153
Kamadhenu Hospital,12.975501,77.534972
Dr. Rajesh Hospitals Eye and Dental,12.9688989,77.6422131
OJUS Multi Speciality Hospital,12.957269,77.653945
Benaka Hospital,12.9835824,77.5289448
"Goverment Hospital, Hosahalli",12.9744928,77.5342045
Jhon's Medical Hospital,12.9635299,77.6662889
Vijaya Hospital,12.96767,77.5226459
Government Hospital,12.9780731,77.5251934
Sriprasad Ayurveda,12.9734087,77.5462808
Vidya Eye Hospital,12.9707429,77.5377684
Sai Baba Hospital,12.9698194,77.6317472
Shree Sai Speciality Hospital,12.9555948,77.6418006
Shree Dhanvantari Ayurveda Hospital,12.9615606,77.5222312
Srinivasam Cancer Care Multi Speciality Hospital,12.961509,77.523151
Magdum Hospital,12.9589495,77.6603768
Athoz Hospitals,12.9673428,77.6424996
G.R. Hospital,12.9802303,77.5548818
Sneha Horizon Hospital,12.9754301,77.5358001
Jagjeevanram Hospital,12.968292,77.524492
Kangroo Hospital,12.974339,77.542325
Abhinav Hospital,12.9757486,77.553782
Suhusannidhi Hospital,12.969102,77.534951
Abivrud Cancer Care & Research Centre,12.963967,77.4973049
Panchsheela Nagar Hospital,12.9745497,77.5208943
ESIC Hospital,12.9693009,77.6317545
Sai Ortho and Dental Centre,12.9698191,77.5360801
Ammashrees Hospital,12.9794315,77.5441641
Lohitha Hospital,12.963951,77.64308
Government Hospital,12.9639829,77.5188899
Revathi Hospital,12.9679971,77.5015759
Shanthakumari Hospital,12.9637162,77.5188263
Bengaluru Child Neurology and Rehabilitaion Centre,12.9735574,77.5461246
Sumati Hospital,12.976379,77.524439
Dr. Hemant Agrawal,12.9583212,77.659636
Dr. Nothesh Child Specialist,12.975423,77.540659
Swasthya Hospitals,12.9544981,77.6401572
Miracle Hopital,12.958861,77.654322
Sastry Memorial Hospital,12.9698787,77.5332834
Springleaf Hospital,12.852699,77.667688
Hospitec Multispeciality Hospital,12.8859649,77.6489078
Global Speciality Hospital,12.808615,77.699385
Sri Venkateswara Hospital,12.9056165,77.6122688
Rajashri Grandhim Hospitals,12.895426,77.607662
Goldage Hospital,12.8908362,77.6040715
JJ Hospitals,12.8350141,77.6953077
Best E City Hospital,12.850377,77.6567056
Bhumika Hospital,12.826249,77.678792
Vinayaka Hospital,12.93753,77.549675
Unani Hospital,12.9633185,77.5790145
Rahul Maternity & Child Health Centre,12.9596227,77.6146819
Bangaluru Unani Hospital,12.9405198,77.5794387
Medcare Hospital,12.953049,77.574203
Sumanjara Hospital,12.9417439,77.5601782
Corporation Hospital,12.961345,77.560893
Mitralaya Hospital,12.945591,77.5712865
People Tree Hospitals,12.942076,77.553598
Apollo Specialty Hospital,12.936459,77.584422
Government Hospital,12.9609494,77.5613939
Verna Hospital,12.940404,77.5580361
"Government Hospital, Banglore",12.9587464,77.5573456
Royan Maternity & Child Welfare Centre,12.960311,77.568274
Alisa Eye Hospital,12.9652304,77.6104334
Shekhar Hospital,12.945944,77.567404
Government Hospital,12.949104,77.563226
Jeevini Sarvodaya Hospital,12.9415883,77.5641917
Mahaveer Ortho Care Speciality Centre,12.9569684,77.5695045
Raghavendra Hospital,12.938787,77.554296
Apaara Multi Speciality,12.938453,77.551329
Khincha Orthopaedic Centre,12.939882,77.573989
Parameshwari Hospital,12.948971,77.563543
Drishti Nethralaya,12.9422541,77.5506328
Furtde Hospital,12.9654649,77.5894756
Manavarthapet Pregnancy Hospital,12.9702549,77.5734571
Trinity Hospital and Heart Foundation,12.9434996,77.5796583
Spandana Heart Centre,12.957222,77.566486
Shas Eye Care,12.960296,77.614714
Matha Pitha Hospital,12.9420276,77.575634
ESI Hospital,12.972126,77.573351
Herige Hospital,12.960972,77.5609696
Gleneagles Global Hospitals,12.9654497,77.5999044
Punarjyoti Eye Hospital,12.9658901,77.589928
Swastik Eye Hospital,12.9479647,77.5696395
Dave Gray Hospital,12.9458294,77.5799015
Dr. Rudrappa's Hospital,12.9650303,77.5954946
Aveksha Hospital,13.081777,77.54091
Shishuka Children's Speciality Hospital,13.0193799,77.6535352
Skin Remediez,13.0091103,77.6579493
Navya Hospital,13.0524836,77.6120857
Ovum Birthing Centre,13.0201491,77.6516628
Icon Hospital,13.0528211,77.6041042
Medicure Hospital,13.0283463,77.6298629
Motherhood Women & Children Hospital,13.0102697,77.6525909
Santhamma Hospital,13.0866852,77.5535728
Feran Hospital,13.0263661,77.6302142
Super Specialty Eye Hospital,13.0166883,77.6604049
Endocrine Speciality Centre,13.013761,77.648529
Shree Sai Hospital,13.0885791,77.5455057
Axis Hospital,13.065863,77.604213
Anjani Women's Day Care Hospital,13.0188119,77.647187
Eswar Women and Day Care Hospital,13.0658472,77.5992844
CDEC Hospital,13.026989,77.6281742
Pranam Dental Hospital,13.029101,77.620568
Milaan Hospital,13.0109537,77.6476418
Cloudnine Hospital,13.020084,77.654053
NDR Multi Speciality Hospital,13.1051735,77.6027864
Valens Hospitals,13.120977,77.6176084
Bengalure Hospital,13.1039081,77.5754898
Amruth Hospital,13.102578,77.627895
Rangalakshmi Netralaya,13.098943,77.576716
Saralaya Hospital,13.121743,77.629478
Apurva Hospital,13.101335,77.59858
Om Shakthi Hospital,13.1215701,77.6126077
Shadab Hospital,13.1025229,77.6278506
Rainbow Health Care,13.0997321,77.5760891
Jayalakshmi Hospital,13.098909,77.596219
NDR Orthopaedic,13.10051,77.595603
Sri Arogya Hospital,13.1215659,77.6250507
Sapthagiri Hospital,13.1213668,77.6174817
Pavan Hospitals,13.0981485,77.596139
Kushi Hospital,13.0938081,77.5804166
Vikrant Hospital,13.142831,77.6727356
Varsha Hospital,13.1026581,77.6297932
Just Smiles,13.098668,77.5826843
Lavis Hospital,12.925461,77.609021
Sevakshetra Hospital,12.9215119,77.5724702
Perfetual Help Hospital,12.9055752,77.5425258
Shree Vaishnavi Heart Centre and Multi Speciality,12.9121632,77.6098276
Marigold Hospital,12.9136262,77.6045369
Bharathi Hospitals,12.9334096,77.5622345
Devi Hospital,12.9239445,77.6198634
Devagiri Hospital,12.924153,77.565797
Pothys Hospital,12.9159348,77.6034098
Center for Liver Disease Hospital,12.916234,77.593019
Sudha Prevention Centre,12.9254569,77.5467101
Sahasra Hospital,12.920651,77.5746118
Health India Hospital,12.9265183,77.6090995
Shanti Hospital,12.9202202,77.5772991
Spurthy Hospital,12.923857,77.611355
Apollo Cradle Maternity & Children's Hospital,12.916885,77.585258
St. Martha's Hospital,12.906113,77.542548
Chinmaya Hrudayalaya,12.9778121,77.6459447
Sri Lakshmi Multi Speciality Hospital,12.8812376,77.7516894
Government Hospital,13.0903942,77.4966765
Government Hospital,13.0803204,77.5535057
Bangalore Healthcare Center Pranav Ayurveda Hospital,13.0770012,77.5581038
Government Hospital,13.070554,77.5388968
Kruthika Hospital,13.0650144,77.5041964
Dr Saju George Kottakkal,13.0621628,77.5177637
Fathima Hospital,13.0559513,77.5329456
Esi Dispensary,13.0439933,77.5065494
Ashwini Hospital,13.0313399,77.5055985
Esi Hospital Peenya 1st Stage,13.0280728,77.5231858
Nayanalaya Super Speciality Eye Care Centre,13.006795,77.571159
Srinidhi Health Centre,13.005821,77.5725746
Orthopedic & Eye Care Center,13.0054934,77.5719519
ESI Hospital,13.004596,77.5540033
Ramani Orthopaedic Hospital,13.0044307,77.5785238
Atharva Ayurdhama Ayurvedic Hospital,13.004314,77.547749
RICH CARE HOMEOPATHY,13.0015461,77.5721683
Poornayu Ayurveda Hospital,12.998238,77.551173
Appllo Diagnostic,12.9981064,77.6008126
Supra Diagnostics Spine Care And Ortho Care Hospital,12.9969996,77.5730038
K.C.General Hospital,12.9960244,77.5693714
ESIC Model Hospital,12.9916924,77.5539007
Government Hospital,12.9905045,77.5566355
Esi Hospital Bangalore,12.9904985,77.5530924
Government Hospital,12.9844963,77.5551801
Anupama Hospital,12.9831814,77.4787872
Sun Orthopaedic center,13.0332219,77.5549236
St. Johns hospital Emergency ward,12.9305937,77.6186159
Healing Hands Advanced Physiotherapy Clinic,12.9128623,77.5714903
Narayan Multispeciality clinic,12.9288444,77.5828703
Adarsh Hospital,12.9208444,77.4847891
clinic,12.9395279,77.586437
Shree Manyata Hospitals,13.0544507,77.6316369
Kidwai Cancer Institute Radiation Block,12.9355966,77.5971575
Altius Hospital,13.0344639,77.6291947
Neo Hospital,12.8474,77.6439378
Maya Hospital,12.9365283,77.7046741
Devi Eye Hospital,12.9556074,77.7216631
Sahasra Hospital,12.9337751,77.7433234
Cloudnine Hospital,12.8832909,77.5500857
My Dentist,12.9429852,77.5460604
Siddanth Hospital,12.9563317,77.7305782
Apollo Pharmacy,12.9263862,77.6766068
Sai Krupa Hospital,12.8629885,77.4330082
Suraksha Hospital,13.048083,77.628791
The Local Dentist,12.9094156,77.663997
Janani Clinics,12.9918503,77.5437825
Lotus Hospital,12.9144825,77.6491563
Ayaans Hospital,12.9782618,77.6435889
NIMHANS Department Of Psychiatric and Neuro Rehabilitation,12.9400516,77.5954768
Nimhans Mr-pet Center,12.9396498,77.5967825
NIMHANS Physiotherapy Center,12.9402037,77.5954721
Zymus Hospitals,12.8784742,77.5450234
Cadabam's Hospitals,12.906071,77.5869281
JJ Hospital,12.8350455,77.693987
"Fortis Hospital, Nagarbhavi",12.9596032,77.5112481
MEDSTAR Speciality Hospital,13.058128,77.5860405
Span Health Center,12.9774449,77.6271297
Smile Smart Dental & Implant Centre,12.8804891,77.6552588
Uvin Care Hospital,12.9778346,77.6282837
Sai Sparsh Hospital,12.8933895,77.6368614
Bengaluru City Hospital,12.9075935,77.5707809
Aspire Hospital,12.9971683,77.6145878
Dhee Hospital,12.8835095,77.550214
Sai Thunga Hospitals,12.9240012,77.6481809
Esha Hospital,13.098072,77.567378
Chirag Global Hospital,12.9058817,77.6037517
Manipal Hospital OPD,13.0624568,77.592227
PMC Hospital,13.0065047,77.5545009
New Varalakshmi Hospital,12.9988382,77.5550964
Ashwini Hospital,13.0988482,77.5978974
Apollo Cradle Children's Hospital,13.002768,77.5536287
Motherhood Children's Hospital,13.0620051,77.5930638
Abiramm Hospital,12.8728525,77.6515698
Netradhama,12.99743,77.5510293
Sri Sai Hospital,12.871395,77.6542581
Unnamed Hospital,12.8841477,77.6492549
Raksha Hospital,12.8892622,77.6505317
St Philomenas Hospital OPD Building,12.9658506,77.6109015
Hiremath Hospital,12.9754354,77.5358965
Gawai Hospital,12.9962739,77.6075693
Dr. Agarwal's Eye Hospital,12.9678752,77.7500478
Beams Hospitals Private Limited,12.9342277,77.6296323
Best Hospital,12.8015345,77.7079091
H Siddiah Referral Hospital,12.9569057,77.5824398
Suraksha Hospitsls,12.939978,77.7467408
Aria,12.9433908,77.7475266
"Shri Mokambika Women's Clinic, Child care and Nethralaya",12.9519863,77.4989075
Suraksha Diagnostic Centre,12.9519538,77.4990341
Cloud Nine,12.9566829,77.7414284
Jindal Charitable Hospital,12.9937247,77.5539724
Hosmat Hospitals,12.9644726,77.6143018
Bangalore Gastro Centre,12.9160037,77.6523087
Narayana Nethralaya,12.980602,77.7092104
Nethradhama,12.9762006,77.7258334
Sree Venkateshwara Hospital,12.9388501,77.7472104
AMC Multispeciality Hospital,12.9296701,77.5764082
Proteeth Dental,12.9346221,77.6284665
Trilife Hospital,13.0170153,77.6429262
Big Hospitals,12.9405054,77.5848675
Motherhood,13.0202419,77.6516186
NASA Hospitals,13.0058328,77.6597392
Bangalore Orthopeadic And Surgical Hospital,13.0219385,77.6385853
Nano Hospitals,12.9070989,77.5460762
Sakra World Hospital,12.932315,77.6852483
"Healing Hands Clinic - J.P Nagar, Bengaluru",12.9061361,77.5868707
"Healing Hands Clinic - Indiranagar, Bengaluru",12.9783093,77.6426202
"Healing Hands Clinic - Sahakar Nagar, Bengaluru",13.0635992,77.5895961
"Healing Hands Clinic - HSR Layout, Bengaluru",12.9120415,77.6479898
"Healing Hands Clinic - Rajajinagar, Bengaluru",12.9981698,77.5429724
"Healing Hands Clinic - Sarjapura, Bengaluru",12.8666262,77.767802
"Healing Hands Clinic - Whitefield, Bengaluru",12.9880628,77.7298427
Apollo Cradle & Children's Hospital,12.8695143,77.6542531
Kauvery hospital,12.855088,77.6631602
Sukoon Psychiatry Centre,13.0408289,77.5626277
Sunshine Hospital,13.059585,77.648516
Aster RV Hospital,12.9114199,77.5850249
Chinmaya Mission Hospital,12.9779337,77.6461885
KLE Dental College,13.0305079,77.535667
Health Centre,13.0157723,77.5638038
K C General Hospital,12.9950532,77.5697431
St Marthas Hospital,12.9708175,77.5857431
Vydehi Superspeciality Hospital,12.9681553,77.5950421
Jayanagar General Hospital,12.9261175,77.592549
Hospital Complex,12.9383683,77.5899069
Sri Jayadeva Institute Of Cardiology,12.918526,77.599254
HMT Hospital,13.04958,77.5509219
BEL Hospital,13.0503387,77.5567647
"Fortis Hospitals, Bannerghatta Road",12.8947511,77.5985816
Apollo Hospital,12.89632,77.5983495
Bhagwan Mahaveer Jain Hospital,12.9914884,77.5952993
Bowring and Lady Curzon Hospitals,12.9830115,77.6047116
Sir Haji Ismail Gosha Sait Hospital,12.9837175,77.599792
Government Veterinary Hospital,12.9641529,77.5676947
Divisional Railway Hospital,12.9798353,77.5651105
Baptist Hospital,13.0347249,77.5901708
ESI Hospital,12.9713479,77.6367243
Railways Hospital,13.1041114,77.5829963
KK Hospital,13.0971434,77.5893851
ESI Dispensary,12.992488,77.7062224
Rajshekhar Hospital,12.9110143,77.5797725
Karunashraya,12.9574104,77.7134875
Sankara Eye Hospital,12.9571436,77.7128215
"Sparsh Hospital For Advanced Surgeries, Bengaluru Urban",12.9833345,77.5945358
Sri Sathya Sai Institute of Higher Medical Sciences,12.9808814,77.7303048
Manipal Speciality Hospital,12.908884,77.5136186
"Manipal Hospital, Bengaluru Urban",12.9587074,77.6490296
Chaitanya Nursing Home,13.0990774,77.5861467
Radhakrishna Multispeciality Hospital,12.9409612,77.5455617
Rajalakshmi Multispeciality Hospital,12.9164637,77.5796155
Manipal Hospital,12.9585777,77.6481409
Indiranagar Government Hospital,12.9829238,77.6446972
Isolation Hospital,12.9839262,77.6436191
Epidemic Disesase Hospital,12.9864155,77.6437586
Employees' State Insurance Corporation Model Hospital,12.9909528,77.5534579
"Vittala International Institute Of Ophthalmology, Hosakerehalli",12.9308127,77.5412224
ISRO Employees Hospital,12.966082,77.656317
Ramaiah Memorial Hospital,13.0282176,77.569775
Hosmat Hospital,12.9691251,77.6133228
Victoria Hospital,12.9634957,77.5736948
Manipal Hospital,13.050953,77.5938654
Dasappa Maternity Hospital,12.9643477,77.5845256
Isolation Hospital,12.9858278,77.6429649
Sarvodaya Hospital,12.9803669,77.5390159
Dasarahalli Referral Hospital,12.9773598,77.5428202
Nethra Eye Hospital,13.0271503,77.5768623
Narayana Hrudayalaya,12.8077543,77.6950585
Kidwai Memorial Institute of Oncology,12.936526,77.5981388
Ayurvedagram Heritage Wellness Centre,12.968954,77.7994762
P.D. Hinduja Sindhi Hospital,12.9644407,77.5926745
Nmpc Hospital,13.0224158,77.6580401
Shri Krishna Sevashrama Hospital,12.9173301,77.5851028
Lions Seva Hospital,12.9555043,77.7053083
Sacred Oak,12.8433084,77.6754789
Sreerampura Referal Hospital,12.9907432,77.5649082
HAL Hospital,12.9623685,77.6664034
Pro MED Hospital,12.9294355,77.564005
Apollo Speciality Hospital,12.9362818,77.5843424
"Sevakshetra Hospital, Bengaluru Urban",12.9216723,77.5721649
Netradhama Hospital,12.9253024,77.5774064
Subbaiah Hospital,13.0302068,77.560704
"Fortis Hospitals Limited, Bengaluru Urban",12.9884932,77.5945504
ESI Hospital,12.9952564,77.6527138
Institute of Ayurveda and Integrative Medicine (I-AIM),13.1256158,77.5468302
Milann Fertility Center,12.9788013,77.6380849
Sanjeevani Hospital,13.0116917,77.5438731
Dr. Agarwal's Eye Hospital,12.9103586,77.600474
Sanjay Gandhi Accident and Trauma Hospital,12.9356389,77.5935945
Sanjay Gandhi Accident and Trauma Hospital,12.9357711,77.5939433
Greenview Hospital,12.9191928,77.6381223
Leprosy Hospital,12.9744546,77.5640222
Ravi Kirloskar Memorial Hospital,13.0384676,77.527802
Dr. Agarwal Eye Hospital,13.0943148,77.58071
Annasawmy Mudaliar General Hospital,12.9999803,77.6144986
Arth Ayurveda World,12.9685282,77.6457748
"Neha Prakash Hospital, Bengaluru Urban",13.1077314,77.5717299
Sri Lakshmi Venkateshwara Hospital,13.1056278,77.5772997
Prolife Hospital,13.065084,77.5936343
Amrik Hospital,12.9828993,77.7478126
Indicus,13.0146094,77.6464563
Fortis La Femme Hospital,12.9657452,77.6097161
Shyamala Hospital,12.9714272,77.627494
Ways2Guide Speech Therapy Center,12.9599619,77.7126304
Government Primary Health Centre,12.9718119,77.693776
Kinder Women's Hospital & Fertility Center,12.9920515,77.7064747
Medicare Diagnostics,13.0285228,77.5587301
Abhaya Hospital,12.9462798,77.5947839
Tirumalai Eye Clinic,12.9194536,77.5838939
MS Diabetes Speciality Center,12.9807106,77.646011
Shashank Clinic,12.9265095,77.5808392
BBMP Maternity Hospital,12.9491979,77.596808
Ramakrishna Clinic,12.978694,77.5744614
ESI Hospital,12.9279948,77.5894064
Unnamed Hospital,12.9346732,77.6287815
Proteeth Dental,12.9346254,77.6284672
Apollo Hospital,12.9883419,77.5726976
Supra Hospital,12.9928137,77.5386455
GM Hospital,12.9929463,77.5386927
Sakhi Hospital (A Unit Of Prasad Healthcare Services),12.9052747,77.6031945
Prashanth Hospitals,12.9391883,77.5513126
Vagus Super Speciality Hospital,13.0084773,77.5684217
Ovum Hospitals,13.0171298,77.6432944
Unnamed Hospital,13.0546111,77.5915016
Deepak Hospital,12.9262236,77.5775108
ChanRe Rheumatology And Immunology Center And Research,12.9955667,77.5354224
Gopala Eye Care Centre,12.9883622,77.5343261
Manipal Hospitals,12.9583496,77.7454332
Jeevika Hospital,12.9659074,77.7025531
Sharada Medicals,13.0152635,77.6467105
SDM Institute of Ayurveda & Hospital,12.8938602,77.4572342
Halasuru Referal Hospital,12.973692,77.6266773
Manipal Hospital,12.9882084,77.5921572
BBMP Primary Health Center,12.9591543,77.6464476
The Fracture and Orthopaedic Clinic,13.0081737,77.5634644
CSI Hospital,12.991305,77.6011314
Government Hospital,12.9490229,77.6199247
Sagar Hospitals,12.9279005,77.5998446
Sagar Hospital,12.9078674,77.5651623
Command Hospital (Air Force),12.9638769,77.627935
Yelahanka Government Hospital,13.0995716,77.5962927
St. Philomena's Hospital,12.9649568,77.6111375
Government Maternity Hospital,12.9377267,77.5697859
HCG Cancer Hospital,12.9637737,77.5896796
Al-Ameen Hospital,12.9898869,77.5942601
St. Theresa's Hospital,13.0067504,77.5529389
Shirdi Sai Hospital,13.0668492,77.6394164
Life Hospital,12.9756177,77.6470614
South City Hospital,12.9496516,77.5803074
Manipal Hospitals Whitefield,12.9880712,77.7286414
"Sparsh Hospital, Bengaluru Urban",12.8069097,77.6957524
Mazumdar Shaw Medical Center,12.8066737,77.6946919
Motherhood,12.9179135,77.6722553
Manipal Hospitals,12.9199685,77.6652549
touchwood,12.9059995,77.6511229
Suvarnamukhi,12.9135595,77.6795552
Sakra World,12.9322182,77.6853258
Rainbow Children's Hospital,12.9753078,77.697834
Agadi Hospital,12.9492019,77.5977936
Punarjani Ayurvedic Multispeciality Hospital,12.8964133,77.6950639
Sri Sri Ayurveda hospital,12.8222,77.5217734
Svastha Hospital,12.9659169,77.749386
Sparsh Hospital,13.0277509,77.5429924
Unnamed Hospital,12.8980981,77.6338265
BMS Hospital,12.9413364,77.5674679
Sarjapura Urban Primary Health Centre,12.8605548,77.7840484
Medical Centre,12.9246391,77.5006239
M C Modi Eye Hospital,12.9980069,77.5459005
Pushpa Nursing Home,12.9689004,77.7494952
Unnamed Hospital,13.0177672,77.5417058
Nrr Hospital,13.0725243,77.5035875
Arunodaya Hospitals,13.057066,77.508511
Dr Ramachandra Hospital,13.048319,77.5080361
Government Hospital,13.0991845,77.5968656
Deeksha Hospital,13.0982401,77.5970471
Town Hospital,12.8605649,77.7898694
Puneeth Rajkumar Multispeciality Hospital,12.9414292,77.5226387
CRPF Hospital,13.1247842,77.5764128
"HOSMAT Hospital, Kalyan Nagar",13.028489,77.6325562
Navachethana Hospital,13.1036126,77.5837987
Natus Woman and Children Hospital,12.9427199,77.525514
Jindal Naturecure Institute hospital,13.0507482,77.4832827
ITI General Hospital,13.0046358,77.6823567
JC Nagar Municipal Hospital,13.0099309,77.5941222
NIKISA Dementia Village,13.1114469,77.5550611
Government Homeopathic Hospital,12.9830546,77.536518
Dr. P.R. Desai Hospital Pvt Ltd,12.9863583,77.5792111
Manipal Hospital Yeshwantpur,13.0142942,77.5560784
"Shifa Hospital, Bengaluru Urban",12.9900045,77.5989675
Diacon Hospital,13.0037443,77.5498305
Fortis Hospital,13.0022012,77.5491011
Aster CMI Hospital,13.0545318,77.5918707
Rainbow Children's Hospital,13.0655647,77.5937383
Cloudnine,12.9244197,77.6724971
Spandana,12.8670052,77.7671289
BN Specialty Hospital,12.9124863,77.6765573
Aster Women and Children Hospital,12.9883438,77.7339468
Prakriya Hospital,13.0463371,77.5065296
Motherhood Whitefield,12.9589657,77.7467194
Unnamed Hospital,12.9849552,77.556924
Unnamed Hospital,13.0011093,77.5639472
People Tree Hospitals,13.0282887,77.5391464
Apollo Cradle,12.9667468,77.7172779
Charaka Super Speciality Hospital,12.9896386,77.60226
Unnamed Hospital,13.0058093,77.5694388
Karunalayam Hospital,12.9112661,77.7075837
Phoenix Hospital,12.9166101,77.6450517
ESI Hospital Malleshwaram Branch,13.0151199,77.5600013
Bhoomi Diagnostics,12.9116986,77.6495441
Narayana Multispeciality Hospital,12.9082086,77.6435134
Rainbow Children's Hospital,12.9033828,77.6007409
Sparsh Hospital,13.0949654,77.5986449
Miracle Hospital,13.0091404,77.7590705
Suguna Hospital,12.9882302,77.5600393
"Sparsh Hospital, Hennur",13.040171,77.6406846
Dr Agarwal's Eye Hospital,12.9569001,77.6047605
Government Primary Health Centre,13.097274,77.6477522
Snehadaan Hospital,12.9017283,77.7155216
SS Sparsh Hospital,12.9264187,77.5216783
KPTCL Hospital Yelahanka,13.1166792,77.5800714
Cloud Nine,12.9156928,77.6752029
BBMP Hospital,12.9949885,77.5937862
Unnamed Hospital,12.9609247,77.5611731
Manipal Hospital North,13.1076284,77.6033814
Jnana Sanjeevini,12.9162232,77.5890247
Anupamaa Hospital,13.0937967,77.5893672
HCG Hebbal,13.0658864,77.5939666
Brains Super Speciality Hospital,12.9478274,77.5924806
PESU HOSPITAL,12.8628027,77.6663559
Vasavi Hospital,12.9031532,77.5603082
Brains Hospital,13.1183866,77.6082057
ESI Hospital Peenya,13.0249864,77.530936
Rainbow Childrens Hospital,12.9202359,77.6674739
Safa Medicure Hospital,12.9447394,77.5964164
Chaitanya Medical Centre Maternity and Surgical Care,13.0924907,77.5863327
Rangadore Memorial Hospital,12.9538911,77.5711462
Trustwell Hospitals,12.9606538,77.5840403
St. John's Health Centre,12.8137466,77.5104134
BEML Hospital,12.971172,77.6651791
Sri Vishveshathirtha Memorial Hospital,12.9566836,77.712382
Government Maternity Hospital,13.0214793,77.55361
Government Multi-Speciality Hospital,12.9510658,77.4810597
Klinik Guhen - Dental Clinic,12.9090409,77.66389
Yadiyuru Maternity Hospital,12.9271061,77.576658
Ayurveda Prathisthana Hospital,12.9267938,77.5772972
East Point Hospital and Medical College,13.0529326,77.7172701
Vimalaya Hospital,12.8348606,77.6807681
Shanthinilaya Hospital,13.0207585,77.7016687
Apex Hospital,13.115139,77.6339212
Vignan Hospital,12.9438635,77.5969221
Mahanandi,12.967036,77.717977
Aarogya Hastha Hospital,12.9005656,77.6757868
Life Care Hospital,12.9239736,77.6133232
Unnamed Hospital,13.0564574,77.7156811
BGS Medical College Hospital,13.0912518,77.4262226
Unnamed Hospital,13.0947708,77.5832502
Aster Whitefield Hospital,12.9890029,77.7338372
Kaggalipura Government Hospital,12.8050377,77.5121793
SPS Surgicals,12.9541576,77.6608368
Unnamed Hospital,12.9541576,77.6608368
Vanivilas Women and Children Hospital,12.9614692,77.5736889
Minto Eye Hospital,12.9610731,77.572289
M S Ramaiah Hospital,13.0297293,77.5685912
Faculty Of Dental Sciences,13.0292222,77.5693751
Rajarajeshwari Medical College and Hospital,12.8951439,77.461988
Vydehi Institute Of Medical Sciences And Research Centre,12.9754934,77.7293535
Sapthagiri Hospital,13.0705768,77.5023526
St.John's Medical College Hospital,12.929648,77.6185932
